{
  "analysis_timestamp": "2025-07-19T13:29:14.357272",
  "normalization_config": {
    "mr_alpha": 0.0,
    "pet_alpha": 0.3,
    "global_mr_mean": 571.2489624023438,
    "global_mr_std": 1105.9530029296875,
    "global_pet_mean": 0.5050941705703735,
    "global_pet_std": 0.6432620882987976
  },
  "sample_statistics": {
    "mr_original": {
      "count": 75000,
      "mean": 189.34646606445312,
      "std": 478.68463134765625,
      "min": 0.0,
      "max": 9211.0,
      "median": 57.0,
      "q25": 1.0,
      "q75": 234.0,
      "skewness": 7.2117414474487305,
      "kurtosis": 67.4264907836914
    },
    "mr_local_normalized": {
      "count": 75000,
      "mean": 0.003476083977147937,
      "std": 0.9997685551643372,
      "min": -0.9449973106384277,
      "max": 5.390805244445801,
      "median": -0.5522234439849854,
      "q25": -0.8208162784576416,
      "q75": 0.7877531051635742,
      "skewness": 0.9478436708450317,
      "kurtosis": -0.004125833511352539
    },
    "mr_cleaned": {
      "count": 75000,
      "mean": 0.003476083977147937,
      "std": 0.9997685551643372,
      "min": -0.9449973106384277,
      "max": 5.390805244445801,
      "median": -0.5522234439849854,
      "q25": -0.8208162784576416,
      "q75": 0.7877531051635742,
      "skewness": 0.9478436708450317,
      "kurtosis": -0.004125833511352539
    },
    "mr_final": {
      "count": 75000,
      "mean": -0.0828569084405899,
      "std": 0.664449155330658,
      "min": -0.7375097870826721,
      "max": 0.9999584555625916,
      "median": -0.5021847486495972,
      "q25": -0.6755139231681824,
      "q75": 0.6571342945098877,
      "skewness": 0.45579370856285095,
      "kurtosis": -1.5467746257781982
    },
    "pet_original": {
      "count": 75000,
      "mean": NaN,
      "std": NaN,
      "min": NaN,
      "max": NaN,
      "median": NaN,
      "q25": NaN,
      "q75": NaN,
      "skewness": NaN,
      "kurtosis": NaN
    },
    "pet_hybrid_normalized": {
      "count": 67820,
      "mean": -0.01653539389371872,
      "std": 0.9904912710189819,
      "min": -0.8361497521400452,
      "max": 4.537389278411865,
      "median": -0.46923530101776123,
      "q25": -0.7246860265731812,
      "q75": 0.42212560772895813,
      "skewness": 1.312010407447815,
      "kurtosis": 0.42172670364379883
    },
    "pet_cleaned": {
      "count": 75000,
      "mean": -0.014952405355870724,
      "std": 0.941899836063385,
      "min": -0.8361497521400452,
      "max": 4.537389278411865,
      "median": -0.3973541259765625,
      "q25": -0.7225458025932312,
      "q75": 0.15268191695213318,
      "skewness": 1.374617338180542,
      "kurtosis": 0.774519681930542
    },
    "pet_final": {
      "count": 75000,
      "mean": -0.1268363744020462,
      "std": 0.5828394889831543,
      "min": -0.6837643384933472,
      "max": 0.999770998954773,
      "median": -0.37768280506134033,
      "q25": -0.6184837818145752,
      "q75": 0.1515064388513565,
      "skewness": 0.8837442994117737,
      "kurtosis": -0.7425334453582764
    }
  },
  "per_image_statistics": {
    "mr_local_means": {
      "count": 25,
      "mean": 191.01295471191406,
      "std": 289.1949157714844,
      "min": 57.842891693115234,
      "max": 1535.909912109375,
      "coefficient_of_variation": 1.5140068531036377
    },
    "mr_local_stds": {
      "count": 25,
      "mean": 221.60694885253906,
      "std": 325.528564453125,
      "min": 71.35108947753906,
      "max": 1697.25537109375,
      "coefficient_of_variation": 1.4689456224441528
    },
    "pet_local_means": {
      "count": 25,
      "mean": 0.46560272574424744,
      "std": 0.05028636381030083,
      "min": 0.38612106442451477,
      "max": 0.59218430519104,
      "coefficient_of_variation": 0.10800272971391678
    },
    "pet_local_stds": {
      "count": 25,
      "mean": 0.6250190734863281,
      "std": 0.05601362884044647,
      "min": 0.5080063939094543,
      "max": 0.7371611595153809,
      "coefficient_of_variation": 0.08961907029151917
    },
    "pet_hybrid_means": {
      "count": 25,
      "mean": 0.4774501323699951,
      "std": 0.03520045056939125,
      "min": 0.4218130111694336,
      "max": 0.5660572648048401,
      "coefficient_of_variation": 0.07372592389583588
    },
    "pet_hybrid_stds": {
      "count": 25,
      "mean": 0.6304919719696045,
      "std": 0.03920954093337059,
      "min": 0.5485830903053284,
      "max": 0.7089914083480835,
      "coefficient_of_variation": 0.062188804149627686
    }
  },
  "quality_metrics": {
    "mr_final_range_utilization": {
      "min_value": -0.7375097870826721,
      "max_value": 0.9999584555625916,
      "range_span": 1.7374682426452637,
      "values_near_bounds": {
        "near_minus_one": 0,
        "near_plus_one": 7689
      }
    },
    "pet_final_range_utilization": {
      "min_value": -0.6837643384933472,
      "max_value": 0.999770998954773,
      "range_span": 1.6835353374481201,
      "values_near_bounds": {
        "near_minus_one": 0,
        "near_plus_one": 9394
      }
    },
    "distribution_balance": {
      "mr_positive_ratio": 0.41042666666666666,
      "pet_positive_ratio": 0.2658,
      "mr_zero_ratio": 0.0036133333333333334,
      "pet_zero_ratio": 0.09833333333333333
    }
  }
}